{
	"class_name" : "PinholeCameraParameters",
	"extrinsic" : 
	[
		0.99971598071896339,
		0.015385102408903456,
		-0.018200453812721486,
		0.0,
		-0.016107788911419688,
		0.99905977697689252,
		-0.040250480286167033,
		0.0,
		0.017564083565805532,
		0.040532217441802139,
		0.99902384471930594,
		0.0,
		-63.888403539603694,
		16.109903770872862,
		142.49408507676566,
		1.0
	],
	"intrinsic" : 
	{
		"height" : 752,
		"intrinsic_matrix" : 
		[
			651.25110364589796,
			0.0,
			0.0,
			0.0,
			651.25110364589796,
			0.0,
			692.5,
			375.5,
			1.0
		],
		"width" : 1386
	},
	"version_major" : 1,
	"version_minor" : 0
}