{
	"class_name" : "PinholeCameraParameters",
	"extrinsic" : 
	[
		0.96563040525747035,
		0.13660696678706546,
		-0.2211254328826317,
		0.0,
		-0.065426049114035059,
		0.95110315460294192,
		0.30186457460533611,
		0.0,
		0.25154990069491484,
		-0.27702224807688325,
		0.92735177873922714,
		0.0,
		-514.65100210650087,
		1386.7812207387688,
		3220.4536002541008,
		1.0
	],
	"intrinsic" : 
	{
		"height" : 752,
		"intrinsic_matrix" : 
		[
			651.25110364589796,
			0.0,
			0.0,
			0.0,
			651.25110364589796,
			0.0,
			692.5,
			375.5,
			1.0
		],
		"width" : 1386
	},
	"version_major" : 1,
	"version_minor" : 0
}