{"due_north_offset": 258.66454500819145, "min_x": -0.3656629294297899, "min_y": 0.193941038898438, "max_x": 0.16342975032941076, "max_y": 0.708799105221221}