{"due_north_offset": 274.1936718756784, "min_x": -0.1525055079586358, "min_y": -0.23744222753576066, "max_x": 0.28960442823975097, "max_y": 0.21971799862945748}