{"max_x": 0.22519727168196943, "due_north_offset": 84.78201257971203, "min_x": 0.0464105174111391, "min_y": 0.34978699260905266, "max_y": 0.43012765082622084}