{"due_north_offset": 276.50339575743516, "min_x": -0.20870518003844762, "min_y": 0.11464629613598419, "max_x": 0.2553209115371091, "max_y": 0.5637823968393225}