{"min_y": -0.2232999950647354, "min_x": -0.08525999635457993, "max_x": 0.5128200054168701, "max_y": 0.436379998922348, "min_z": -0.20509999990463257, "max_z": 0.4745999872684479}