{"due_north_offset": 275.49785026821934, "min_x": -0.10570000112056732, "min_y": 0.2297399938106537, "max_x": 0.2857399880886078, "max_y": 0.5928999781608582}