{"due_north_offset": 45.0, "min_x": 0.006895000115036964, "min_y": 0.02649500034749508, "max_x": 0.006895000115036964, "max_y": 0.02649500034749508}