{
    "camera_m4atrix": [
        [
            656.2915261202245,
            0.0,
            336.89169740429924
        ],
        [
            0.0,
            659.6965496288565,
            249.39498745311064
        ],
        [
            0.0,
            0.0,
            1.0
        ]
    ],
    "distortion": [
        [
            -0.6015621240124671,
            0.39136284457191844,
            -0.0038649987550404916,
            -0.010664208376990766,
            -0.14652762880717157
        ]
    ]
}